{"stat.damageDealt":40,"achievement.exploreAllBiomes":{"value":0,"progress":["Forest","Extreme Hills+","Extreme Hills","Birch Forest","Plains","River","Birch Forest Hills","ForestHills"]},"achievement.openInventory":22,"stat.useItem.5":13,"stat.fallOneCm":211,"stat.useItem.86":8,"stat.flyOneCm":223677,"stat.killEntity.Chicken":1,"stat.useItem.4":2,"stat.playOneMinute":29822,"stat.diveOneCm":2469,"stat.useItem.383":1,"stat.walkOneCm":69141,"stat.jump":76,"stat.mineBlock.3":6,"stat.swimOneCm":13304,"stat.mobKills":1}